cell,destination,ore,search,started,wall_s,rc,rows_out,evaluable,best_obj,winner,winner_name,spectral,vehicle,propellant,conc_ratio,power_source,programme_missions,fleet_ships,missions_per_ship,trips_per_ship,programme_span_yr,payload_kg,saturation,clearing,unsold_kg,market_model,p_mining,aerocapture_share,rtg_share,isru_share,prop_shares,vehicle_shares,calc_version,catalog_date,archive
cislunar__raw__search-off,cislunar,raw,off,2026-09-09 00:45:42,946.9,0,650921,650921,15.3937,2018 DT,2018 DT,M,Falcon Heavy (reusable side cores),Iodine  (Hall / gridded),1.0,solar,1.0,1.0,1.0,3.0,6.873,141375.0,1.0,1.0,0.0,capacity_cap,0.85,0.0,5.4876,8.166,Xenon  (Hall / ion)=43.93%; Iodine  (Hall / gridded)=23.97%; Water  (gridded ion / ECR)=15.53%; hydrolox  (LH2 / LOX)=8.17%; Krypton  (Hall)=8.01%; methalox  (LCH4 / LOX)=0.18%,Falcon Heavy (reusable side cores)=65.47%; SLS Block 1B (Cargo)=32.62%; New Glenn=1.62%; Vulcan Centaur VC6=0.13%; H3 (24L)=0.06%; Long March 7=0.05%,1.21.2,2026-09-09,campaign\cells\cislunar__raw__search-off.csv.gz
cislunar__raw__search-on,cislunar,raw,on,2026-09-09 01:03:28,2888.1,0,650921,650921,9.5435,2014 WE121,2014 WE121,M,New Glenn,Iodine  (Hall / gridded),1.0,solar,10.0,2.0,5.0,5.0,14.672,74321.06,1.0,0.9137,12633.63,capacity_cap,0.9024,0.0,8.3807,5.9361,Xenon  (Hall / ion)=40.18%; Iodine  (Hall / gridded)=26.21%; Water  (gridded ion / ECR)=17.78%; Krypton  (Hall)=9.30%; hydrolox  (LH2 / LOX)=5.94%; Argon  (Hall / ion)=0.24%,Falcon Heavy (reusable side cores)=58.09%; SLS Block 1B (Cargo)=25.67%; New Glenn=15.77%; Vulcan Centaur VC6=0.27%; H3 (24L)=0.09%; Long March 5=0.05%,1.21.2,2026-09-09,campaign\cells\cislunar__raw__search-on.csv.gz
cislunar__benef__search-off,cislunar,benef,off,2026-09-09 01:52:45,4967.3,0,660253,660253,14.1071,2014 WE121,2014 WE121,M,Falcon Heavy (reusable side cores),Iodine  (Hall / gridded),2.2222,solar,1.0,1.0,1.0,3.0,7.0711,94910.62,1.0,1.0,0.0,capacity_cap,0.85,0.0,10.6518,10.3115,Xenon  (Hall / ion)=60.61%; Iodine  (Hall / gridded)=15.90%; Water  (gridded ion / ECR)=12.55%; hydrolox  (LH2 / LOX)=10.31%; Krypton  (Hall)=0.42%; methalox  (LCH4 / LOX)=0.18%,Falcon Heavy (reusable side cores)=66.39%; SLS Block 1B (Cargo)=30.92%; New Glenn=2.41%; H3 (24L)=0.08%; Vulcan Centaur VC6=0.06%; Long March 7=0.06%,1.21.2,2026-09-09,campaign\cells\cislunar__benef__search-off.csv.gz
cislunar__benef__search-on,cislunar,benef,on,2026-09-09 03:16:46,8011.7,1073807364,,,,,,,,,,,,,,,,,,,,,,,,,,,,,
cislunar__benef__search-on,cislunar,benef,on,2026-09-11 01:01:07,9877.9,0,660253,660253,6.6622,2021 CX5,2021 CX5,D,New Glenn,Argon  (Hall / ion),3.9249,solar,35.0,7.0,5.0,5.0,17.1187,34572.55,1.0,0.9999,0.0,capacity_cap,0.9294,0.0,16.2698,9.646,Xenon  (Hall / ion)=38.99%; Iodine  (Hall / gridded)=36.24%; Water  (gridded ion / ECR)=13.94%; hydrolox  (LH2 / LOX)=9.65%; Krypton  (Hall)=0.50%; methalox  (LCH4 / LOX)=0.38%,Falcon Heavy (reusable side cores)=40.02%; New Glenn=32.53%; SLS Block 1B (Cargo)=24.75%; Vulcan Centaur VC6=1.72%; H3 (24L)=0.49%; Long March 5=0.38%,1.21.2,2026-09-11,campaign\cells\cislunar__benef__search-on.csv.gz
lunar_surface__raw__search-off,lunar_surface,raw,off,2026-09-11 03:47:04,633.0,0,586054,586054,33.9418,2018 DT,2018 DT,M,Falcon Heavy (reusable side cores),Xenon  (Hall / ion),1.0,solar,1.0,1.0,1.0,4.0,6.3109,100310.73,1.0,0.9985,1820.69,capacity_cap,0.85,0.0,3.9699,3.866,Xenon  (Hall / ion)=42.89%; Krypton  (Hall)=22.59%; Water  (gridded ion / ECR)=20.57%; Iodine  (Hall / gridded)=9.73%; hydrolox  (LH2 / LOX)=3.87%; Hydrazine arcjet=0.16%,Falcon Heavy (reusable side cores)=67.57%; SLS Block 1B (Cargo)=31.45%; New Glenn=0.57%; Vulcan Centaur VC6=0.19%; H3 (24L)=0.07%; Long March 7=0.06%,1.21.2,2026-09-11,campaign\cells\lunar_surface__raw__search-off.csv.gz
lunar_surface__raw__search-on,lunar_surface,raw,on,2026-09-11 03:58:41,1160.1,0,586054,586054,21.1384,2014 WE121,2014 WE121,M,New Glenn,Iodine  (Hall / gridded),1.0,solar,10.0,2.0,5.0,5.0,14.2692,37499.65,1.0,0.985,6785.07,capacity_cap,0.9024,0.0,5.5481,3.5879,Xenon  (Hall / ion)=37.64%; Krypton  (Hall)=26.31%; Water  (gridded ion / ECR)=20.86%; Iodine  (Hall / gridded)=11.16%; hydrolox  (LH2 / LOX)=3.59%; Argon  (Hall / ion)=0.21%,Falcon Heavy (reusable side cores)=71.65%; SLS Block 1B (Cargo)=26.02%; New Glenn=1.93%; Vulcan Centaur VC6=0.19%; H3 (24L)=0.08%; Long March 5=0.04%,1.21.2,2026-09-11,campaign\cells\lunar_surface__raw__search-on.csv.gz
lunar_surface__benef__search-off,lunar_surface,benef,off,2026-09-11 04:19:10,3021.0,0,606304,606304,21.5387,2018 DT,2018 DT,M,Falcon Heavy (reusable side cores),Iodine  (Hall / gridded),2.2222,solar,1.0,1.0,1.0,3.0,7.0451,69276.66,1.0,1.0,0.0,capacity_cap,0.85,0.0,9.5528,2.0767,Xenon  (Hall / ion)=52.30%; Iodine  (Hall / gridded)=22.57%; Water  (gridded ion / ECR)=19.48%; Krypton  (Hall)=3.28%; hydrolox  (LH2 / LOX)=2.08%; methalox  (LCH4 / LOX)=0.19%,Falcon Heavy (reusable side cores)=51.97%; SLS Block 1B (Cargo)=38.07%; New Glenn=7.70%; Vulcan Centaur VC6=0.86%; Long March 5=0.39%; Ariane 6 (A64)=0.24%,1.21.2,2026-09-11,campaign\cells\lunar_surface__benef__search-off.csv.gz
lunar_surface__benef__search-on,lunar_surface,benef,on,2026-09-11 05:10:40,7253.4,0,606304,606304,11.5920,2021 CX5,2021 CX5,D,New Glenn,Iodine  (Hall / gridded),3.9249,solar,15.0,3.0,5.0,5.0,16.4897,32006.12,1.0,1.0,0.0,capacity_cap,0.9117,0.0,13.3177,2.2253,Xenon  (Hall / ion)=34.05%; Iodine  (Hall / gridded)=33.23%; Water  (gridded ion / ECR)=19.80%; Krypton  (Hall)=10.31%; hydrolox  (LH2 / LOX)=2.23%; methalox  (LCH4 / LOX)=0.19%,Falcon Heavy (reusable side cores)=52.71%; SLS Block 1B (Cargo)=24.10%; New Glenn=17.01%; Vulcan Centaur VC6=2.80%; Long March 5=1.58%; H3 (24L)=0.80%,1.21.2,2026-09-11,campaign\cells\lunar_surface__benef__search-on.csv.gz
geo__raw__search-off,geo,raw,off,2026-09-11 07:12:46,1220.9,0,705030,705030,45.6819,2016 GS2,2016 GS2,D,New Glenn,Xenon  (Hall / ion),1.0,solar,1.0,1.0,1.0,5.0,5.2656,61835.16,1.0,0.9807,8019.32,capacity_cap,0.85,90.7005,7.2397,3.176,Xenon  (Hall / ion)=72.88%; Iodine  (Hall / gridded)=14.90%; Water  (gridded ion / ECR)=6.67%; hydrolox  (LH2 / LOX)=3.18%; Krypton  (Hall)=1.70%; methalox  (LCH4 / LOX)=0.45%,Falcon Heavy (reusable side cores)=78.80%; SLS Block 1B (Cargo)=18.02%; New Glenn=2.96%; Vulcan Centaur VC6=0.07%; H3 (24L)=0.06%; Long March 5=0.04%,1.21.2,2026-09-11,campaign\cells\geo__raw__search-off.csv.gz
geo__raw__search-on,geo,raw,on,2026-09-11 07:34:25,2558.3,0,705030,705030,19.2670,2021 CX5,2021 CX5,D,New Glenn,Iodine  (Hall / gridded),1.0,solar,30.0,6.0,5.0,5.0,12.2398,39752.88,1.0,0.9028,25723.77,capacity_cap,0.9264,92.5746,8.2811,3.3891,Xenon  (Hall / ion)=68.07%; Iodine  (Hall / gridded)=19.50%; Water  (gridded ion / ECR)=6.50%; hydrolox  (LH2 / LOX)=3.38%; Krypton  (Hall)=1.84%; methalox  (LCH4 / LOX)=0.46%,Falcon Heavy (reusable side cores)=44.40%; New Glenn=39.06%; SLS Block 1B (Cargo)=16.22%; Vulcan Centaur VC6=0.13%; H3 (24L)=0.08%; Long March 5=0.06%,1.21.2,2026-09-11,campaign\cells\geo__raw__search-on.csv.gz
geo__benef__search-off,geo,benef,off,2026-09-11 08:18:31,7381.8,0,712306,712306,19.0459,2021 CX5,2021 CX5,D,Falcon Heavy (reusable side cores),Iodine  (Hall / gridded),4.4444,solar,1.0,1.0,1.0,4.0,6.6128,43500.0,1.0,1.0,0.0,capacity_cap,0.85,78.6611,8.5156,5.1322,Xenon  (Hall / ion)=67.57%; Iodine  (Hall / gridded)=21.34%; hydrolox  (LH2 / LOX)=5.13%; Water  (gridded ion / ECR)=4.45%; methalox  (LCH4 / LOX)=1.11%; Krypton  (Hall)=0.23%,Falcon Heavy (reusable side cores)=71.44%; SLS Block 1B (Cargo)=22.68%; New Glenn=4.97%; Vulcan Centaur VC6=0.64%; Long March 5=0.14%; H3 (24L)=0.07%,1.21.2,2026-09-11,campaign\cells\geo__benef__search-off.csv.gz
geo__benef__search-on,geo,benef,on,2026-09-11 10:22:55,19902.2,0,712306,712306,9.6949,2021 CX5,2021 CX5,D,New Glenn,Iodine  (Hall / gridded),4.4444,solar,9.0,3.0,3.0,4.0,12.526,36310.23,1.0,0.9882,0.0,capacity_cap,0.8999,93.6387,9.7832,5.6267,Iodine  (Hall / gridded)=47.79%; Xenon  (Hall / ion)=40.46%; hydrolox  (LH2 / LOX)=5.65%; Water  (gridded ion / ECR)=4.32%; methalox  (LCH4 / LOX)=1.24%; Krypton  (Hall)=0.27%,Falcon Heavy (reusable side cores)=67.44%; SLS Block 1B (Cargo)=19.47%; New Glenn=10.66%; Vulcan Centaur VC6=1.17%; Long March 5=0.46%; H3 (24L)=0.43%,1.21.2,2026-09-11,campaign\cells\geo__benef__search-on.csv.gz
mars_orbit__raw__search-off,mars_orbit,raw,off,2026-09-11 15:56:12,2065.4,0,821078,821078,16.8482,2018 DT,2018 DT,M,Falcon Heavy (reusable side cores),Xenon  (Hall / ion),1.0,solar,1.0,1.0,1.0,3.0,6.8927,110656.2,1.0,1.0,0.0,capacity_cap,0.85,40.7053,4.7357,1.1367,Xenon  (Hall / ion)=83.73%; Iodine  (Hall / gridded)=12.63%; methalox  (LCH4 / LOX)=1.76%; hydrolox  (LH2 / LOX)=1.07%; MMH / NTO  (hypergolic)=0.32%; Water  (gridded ion / ECR)=0.13%,Falcon Heavy (reusable side cores)=77.94%; SLS Block 1B (Cargo)=16.03%; New Glenn=4.92%; Vulcan Centaur VC6=0.72%; Long March 5=0.15%; Ariane 6 (A64)=0.12%,1.21.2,2026-09-11,campaign\cells\mars_orbit__raw__search-off.csv.gz
mars_orbit__raw__search-on,mars_orbit,raw,on,2026-09-11 21:53:32,4398.9,0,821078,821078,11.2682,2018 DT,2018 DT,M,Falcon Heavy (reusable side cores),Iodine  (Hall / gridded),1.0,solar,8.0,2.0,4.0,4.0,20.7191,78443.15,1.0,0.9188,12453.04,capacity_cap,0.8971,37.6906,10.2669,1.14,Xenon  (Hall / ion)=76.20%; Iodine  (Hall / gridded)=19.73%; methalox  (LCH4 / LOX)=1.78%; hydrolox  (LH2 / LOX)=1.09%; Krypton  (Hall)=0.51%; MMH / NTO  (hypergolic)=0.32%,Falcon Heavy (reusable side cores)=77.25%; New Glenn=11.68%; SLS Block 1B (Cargo)=9.05%; Vulcan Centaur VC6=1.48%; Long March 5=0.25%; Ariane 6 (A64)=0.16%,1.21.2,2026-09-11,campaign\cells\mars_orbit__raw__search-on.csv.gz
mars_orbit__benef__search-off,mars_orbit,benef,off,2026-09-11 23:08:17,13134.6,0,956090,956090,13.3064,2015 BM510,2015 BM510,M,Falcon Heavy (reusable side cores),Xenon  (Hall / ion),2.2222,solar,1.0,1.0,1.0,4.0,6.601,88612.11,1.0,1.0,0.0,capacity_cap,0.85,50.5416,13.2215,0.1778,Xenon  (Hall / ion)=77.02%; methalox  (LCH4 / LOX)=14.55%; Iodine  (Hall / gridded)=8.09%; hydrolox  (LH2 / LOX)=0.17%; Krypton  (Hall)=0.14%; Water  (gridded ion / ECR)=0.02%,Falcon Heavy (reusable side cores)=59.76%; SLS Block 1B (Cargo)=28.48%; New Glenn=11.52%; Vulcan Centaur VC6=0.11%; H3 (24L)=0.04%; Long March 5=0.04%,1.21.2,2026-09-11,campaign\cells\mars_orbit__benef__search-off.csv.gz
mars_orbit__benef__search-on,mars_orbit,benef,on,2026-09-12 02:48:52,29173.8,0,956090,956090,7.3681,2006 YF,2006 YF,D,New Glenn,Iodine  (Hall / gridded),4.4444,solar,15.0,5.0,3.0,4.0,14.2622,36058.94,1.0,1.0,0.0,capacity_cap,0.9117,49.9531,15.5343,0.2691,Xenon  (Hall / ion)=46.71%; Iodine  (Hall / gridded)=37.81%; methalox  (LCH4 / LOX)=14.48%; Krypton  (Hall)=0.67%; hydrolox  (LH2 / LOX)=0.26%; Water  (gridded ion / ECR)=0.03%,Falcon Heavy (reusable side cores)=53.37%; SLS Block 1B (Cargo)=24.20%; New Glenn=21.62%; Vulcan Centaur VC6=0.49%; H3 (24L)=0.17%; Long March 5=0.12%,1.21.2,2026-09-12,campaign\cells\mars_orbit__benef__search-on.csv.gz
leo__raw__search-off,leo,raw,off,2026-09-12 10:56:52,1426.3,0,776755,776755,58.5181,2018 DT,2018 DT,M,Falcon Heavy (reusable side cores),Xenon  (Hall / ion),1.0,solar,1.0,1.0,1.0,4.0,6.2883,98664.8,1.0,1.0,0.0,capacity_cap,0.85,95.0349,8.1815,1.9307,Xenon  (Hall / ion)=76.28%; Iodine  (Hall / gridded)=13.32%; Krypton  (Hall)=4.36%; hydrolox  (LH2 / LOX)=1.95%; methalox  (LCH4 / LOX)=1.76%; Argon  (Hall / ion)=0.94%,Falcon Heavy (reusable side cores)=67.39%; SLS Block 1B (Cargo)=23.54%; New Glenn=8.75%; Vulcan Centaur VC6=0.24%; H3 (24L)=0.02%; Long March 5=0.02%,1.21.2,2026-09-12,campaign\cells\leo__raw__search-off.csv.gz
leo__raw__search-on,leo,raw,on,2026-09-12 11:21:56,2583.2,0,776755,776755,24.2815,2021 CX5,2021 CX5,D,Falcon Heavy (reusable side cores),hydrolox  (LH2 / LOX),1.0,solar,30.0,6.0,5.0,5.0,11.065,39727.62,1.0,0.9727,1355.51,capacity_cap,0.9264,90.0997,8.2259,1.9566,Xenon  (Hall / ion)=69.26%; Iodine  (Hall / gridded)=16.35%; Krypton  (Hall)=5.20%; Argon  (Hall / ion)=3.63%; hydrolox  (LH2 / LOX)=2.13%; methalox  (LCH4 / LOX)=1.90%,Falcon Heavy (reusable side cores)=75.01%; SLS Block 1B (Cargo)=14.67%; New Glenn=9.97%; Vulcan Centaur VC6=0.19%; Falcon 9 (reusable)=0.05%; Ariane 6 (A64)=0.04%,1.21.2,2026-09-12,campaign\cells\leo__raw__search-on.csv.gz
leo__benef__search-off,leo,benef,off,2026-09-12 12:06:22,8557.6,0,882429,882429,42.9440,2021 CX5,2021 CX5,D,Falcon Heavy (reusable side cores),hydrolox  (LH2 / LOX),4.4444,solar,1.0,1.0,1.0,4.0,4.9032,35124.98,1.0,1.0,0.0,capacity_cap,0.85,97.4086,12.9669,1.1107,Xenon  (Hall / ion)=75.21%; Iodine  (Hall / gridded)=11.41%; methalox  (LCH4 / LOX)=11.07%; hydrolox  (LH2 / LOX)=1.18%; Water  (gridded ion / ECR)=0.48%; FEEP  (indium field emission)=0.42%,Falcon Heavy (reusable side cores)=62.56%; SLS Block 1B (Cargo)=28.74%; New Glenn=8.18%; Vulcan Centaur VC6=0.41%; Long March 5=0.05%; H3 (24L)=0.02%,1.21.2,2026-09-12,campaign\cells\leo__benef__search-off.csv.gz
