name,kind,formula,density_gcm3,ref_price_usd_per_kg,ref_price_date,ref_price_source,value_basis,notes,yields_json,live_price_usd_per_kg,live_price_date,live_price_source,price_usd_per_kg,price_basis,annual_market_kg,catalog_date,pipeline_version,delivery_destination
rhodium,element,Rh,12.41,320000.0,2026-05-29,USGS/LME/mineralogy reference,terrestrial market price,"OTC quote (Johnson Matthey / LBMA).  Reference $320k/kg = $9,950/oz (May 8 2026 spot).  Trace PGM in M-type / iron-meteorite analogues.",{},,,,320000.0,reference,23000.0,2026-10-07,1.14.0,earth_surface
iridium,element,Ir,22.56,257206.0,2026-05-29,USGS/LME/mineralogy reference,terrestrial market price,"OTC quote.  Reference $257,206/kg = $8,000/oz, the Q1-2026 all-time high in the Johnson Matthey PGM Market Report (May 2026), the latest JM base price published before this row's date.  Trace PGM in iron-meteorite analogues.",{},,,,257206.0,reference,7500.0,2026-10-07,1.14.0,earth_surface
gold,element,Au,19.32,150000.0,2026-05-29,USGS/LME/mineralogy reference,terrestrial market price,"COMEX gold front-month.  Reference $150k/kg = ~$4,700/oz; gold ran from $3,335 (May 2025) to $4,732 (May 2026) per Reuters analyst consensus.",{},134239.00586592773,2026-09-29,yfinance:GC=F,134239.00586592773,live,3000000.0,2026-10-07,1.14.0,earth_surface
ruthenium,element,Ru,12.45,56263.8,2026-05-29,USGS/LME/mineralogy reference,terrestrial market price,"OTC quote.  Reference $56,264/kg = $1,750/oz, the Q1-2026 all-time high in the Johnson Matthey PGM Market Report (May 2026), as for iridium; JM's end-2025 record was $1,275/oz.  Trace PGM.",{},,,,56263.8,reference,30000.0,2026-10-07,1.14.0,earth_surface
platinum,element,Pt,21.45,61472.2,2026-05-29,USGS/LME/mineralogy reference,terrestrial market price,"NYMEX platinum front-month.  Reference $61,472/kg = $1,912/oz, the LBMA platinum price on 2026-05-29.",{},55087.08995454154,2026-09-29,yfinance:PL=F,55087.08995454154,live,180000.0,2026-10-07,1.14.0,earth_surface
palladium,element,Pd,12.02,48000.0,2026-05-29,USGS/LME/mineralogy reference,terrestrial market price,"NYMEX palladium front-month.  Reference $48k/kg = $1,495/oz spot (May 2026, LBMA via lppm.com).",{},38982.7802137,2026-09-29,yfinance:PA=F,38982.7802137,live,210000.0,2026-10-07,1.14.0,earth_surface
osmium,element,Os,22.59,13000.0,2026-05-29,USGS/LME/mineralogy reference,terrestrial market price,Specialty quote; very illiquid.,{},,,,13000.0,reference,1000.0,2026-10-07,1.14.0,earth_surface
germanium,element,Ge,5.32,2500.0,2025-01-31,USGS/LME/mineralogy reference,terrestrial market price,"Zone-refined germanium, 2024 ~$2,000-3,000/kg (USGS MCS 2025).  Siderophile: iron meteorites carry 0.1-500 ppm.",{},,,,2500.0,reference,140000.0,2026-10-07,1.14.0,earth_surface
silver,element,Ag,10.49,2436.5,2026-05-29,USGS/LME/mineralogy reference,terrestrial market price,"COMEX silver front-month.  Reference $2,436.5/kg = $75.78/oz, the LBMA silver price on 2026-05-29.",{},1969.5546807917196,2026-09-29,yfinance:SI=F,1969.5546807917196,live,26000000.0,2026-10-07,1.14.0,earth_surface
rhenium,element,Re,21.02,1500.0,2025-01-31,USGS/LME/mineralogy reference,terrestrial market price,"Rhenium metal pellets, 2024 ~$1,200-1,600/kg (USGS MCS 2025).  Highly siderophile, tracks osmium in meteoritic metal.",{},,,,1500.0,reference,62000.0,2026-10-07,1.14.0,earth_surface
gallium,element,Ga,5.91,500.0,2025-01-31,USGS/LME/mineralogy reference,terrestrial market price,"High-purity refined gallium, $500/kg in 2024 and $450-625/kg over 2020-2024 (USGS MCS 2025, average unit value of imports).  Iron meteorites carry 2-100 ppm.",{},,,,500.0,reference,760000.0,2026-10-07,1.14.0,earth_surface
tungsten,element,W,19.25,45.0,2025-01-31,USGS/LME/mineralogy reference,terrestrial market price,"APT at the start of 2025: Rotterdam $331/mtu (USGS MCS 2026, which says it rose to $675 during 2025, ~$85/kg W) = ~$42/kg of contained W (1 mtu = 7.93 kg W, MCS 2025).  MCS 2025 withholds the 2024 price.  The cell is the start-of-2025 level, matching the row date.",{},,,,45.0,reference,81000000.0,2026-10-07,1.14.0,earth_surface
molybdenum,element,Mo,10.28,44.0,2025-01-31,USGS/LME/mineralogy reference,terrestrial market price,Molybdic oxide ~$20/lb of contained Mo in 2024 (USGS MCS 2025) = ~$44/kg.,{},,,,44.0,reference,260000000.0,2026-10-07,1.14.0,earth_surface
cobalt,element,Co,8.86,33.0,2026-05-29,USGS/LME/mineralogy reference,terrestrial market price,LME cobalt cash; trace constituent of FeNi alloys.,{},,,,33.0,reference,310000000.0,2026-10-07,1.14.0,earth_surface
nickel,element,Ni,8.908,18.806,2026-05-29,USGS/LME/mineralogy reference,terrestrial market price,"LME nickel.  Reference $18,806/t, the World Bank Pink Sheet monthly average for May 2026.",{},,,,18.806,reference,3600000000.0,2026-10-07,1.14.0,earth_surface
copper,element,Cu,8.96,13.543,2026-05-29,USGS/LME/mineralogy reference,terrestrial market price,"COMEX copper front-month.  Reference $13,543/t, the World Bank Pink Sheet monthly average for May 2026.",{},14.65633066298999,2026-09-29,yfinance:HG=F,14.65633066298999,live,22000000000.0,2026-10-07,1.14.0,earth_surface
titanium,element,Ti,4.51,13.0,2025-01-31,USGS/LME/mineralogy reference,terrestrial market price,"Titanium sponge, $13/kg in 2024 and $10.6-12.4/kg in 2020-2023 (USGS MCS 2025, landed duty-paid import value).  Structural.",{},,,,13.0,reference,300000000.0,2026-10-07,1.14.0,earth_surface
chromium,element,Cr,7.19,11.0,2025-01-31,USGS/LME/mineralogy reference,terrestrial market price,"Aluminothermic chromium metal, ~$10-12/kg (USGS MCS 2025 carries ferrochrome and metal).  Stainless alloying.",{},,,,11.0,reference,44000000000.0,2026-10-07,1.14.0,earth_surface
phosphorus,element,P,1.82,3.0,2025-01-31,USGS/LME/mineralogy reference,terrestrial market price,"Elemental (P4) trade price, ~$3,000/t; USGS lists phosphate rock, not the element.  In space: fertiliser for agriculture.",{},,,,3.0,reference,1000000000.0,2026-10-07,1.14.0,earth_surface
ammonia,element,NH3,0.82,0.485,2025-01-31,USGS/LME/mineralogy reference,terrestrial market price,"Anhydrous ammonia, US Gulf FOB $440 per SHORT ton in 2024 (USGS MCS 2025 nitrogen) = $485 per metric ton.  Solid density.  In space: nitrogen for atmospheres, fertiliser, and resistojet propellant.",{},,,,0.485,reference,150000000000.0,2026-10-07,1.14.0,earth_surface
iron,element,Fe,7.874,0.319,2026-05-29,USGS/LME/mineralogy reference,terrestrial market price,"Priced as refined steel scrap: No. 1 heavy melting composite, delivered, $319/t average for 2025 (USGS MCS 2026), within its $303-366/t monthly range for Jan-Nov 2025.  Asteroid mining produces refined iron from nickel-iron alloy, NOT iron ore — so the relevant sale price is steel scrap / refined metal, not the $0.10/kg iron-ore benchmark.",{},,,,0.319,reference,1300000000000.0,2026-10-07,1.14.0,earth_surface
sulfur,element,S,2.07,0.1,2025-01-31,USGS/LME/mineralogy reference,terrestrial market price,"USGS MCS 2025 elemental sulfur, ~$80-100/t in 2024.  In space: sulfur concrete binder and sulfuric-acid leachant.",{},,,,0.1,reference,83000000000.0,2026-10-07,1.14.0,earth_surface
carbon dioxide,element,CO2,1.56,0.1,2025-01-31,USGS/LME/mineralogy reference,terrestrial market price,"Industrial liquid CO2, ~$50-150/t; not a USGS commodity.  Solid density.  In space: the carbon feed for Sabatier methane and a life-support buffer gas.",{},,,,0.1,reference,230000000000.0,2026-10-07,1.14.0,earth_surface
water,element,H2O,1.0,0.001,2026-05-29,USGS/LME/mineralogy reference,terrestrial market price,"Price depends entirely on where the water is SOLD, not on the asteroid — see DELIVERY_DESTINATIONS. Set MINERAL_CONFIG.delivery_destination to 'leo' or 'cislunar' to price it as launch cost avoided; the default 'earth_surface' prices it as what it is once landed, which is bulk industrial water.",{},,,,0.001,reference,1000000000000000.0,2026-10-07,1.14.0,earth_surface
spinel,mineral,MgAl2O4,3.64,0.5,2026-05-29,USGS/LME/mineralogy reference,terrestrial market price,Mg-Al oxide; high-T refractory.,{},,,,0.5,reference,1000000000000000.0,2026-10-07,1.14.0,earth_surface
organics,mineral,(varies),1.2,0.5,2026-05-29,USGS/LME/mineralogy reference,terrestrial market price,Complex organic macromolecules (kerogen-like).,{},,,,0.5,reference,1000000000000.0,2026-10-07,1.14.0,earth_surface
carbon,mineral,C,2.1,0.2,2026-05-29,USGS/LME/mineralogy reference,terrestrial market price,Amorphous / graphitic carbon (not gem diamond).,{},,,,0.2,reference,1000000000000.0,2026-10-07,1.14.0,earth_surface
merrillite,mineral,Ca9NaMg(PO4)7,3.1,0.1,2025-01-31,USGS/LME/mineralogy reference,terrestrial market price,"The anhydrous Ca phosphate of ordinary chondrites, ~0.4 wt%.  Priced as it is as phosphate rock (USGS MCS 2025, ~$100/t in 2024) and taken apart for its P.","{""phosphorus"": 0.202}",,,,0.1,reference,1000000000000000.0,2026-10-07,1.14.0,earth_surface
chlorapatite,mineral,Ca5(PO4)3Cl,3.17,0.1,2025-01-31,USGS/LME/mineralogy reference,terrestrial market price,"The Cl-apatite of ordinary chondrites, ~0.2 wt%.  Priced as phosphate rock, as merrillite is.","{""phosphorus"": 0.178}",,,,0.1,reference,1000000000000000.0,2026-10-07,1.14.0,earth_surface
plagioclase,mineral,"(Na,Ca)(Al,Si)4O8",2.69,0.1,2026-05-29,USGS/LME/mineralogy reference,terrestrial market price,Feldspar group; basaltic-crust marker.,{},,,,0.1,reference,1000000000000000.0,2026-10-07,1.14.0,earth_surface
oxides,mineral,(varies),4.0,0.1,2026-05-29,USGS/LME/mineralogy reference,terrestrial market price,Generic metal-oxide bulk.,"{""iron"": 0.5}",,,,0.1,reference,1000000000000000.0,2026-10-07,1.14.0,earth_surface
hibonite,mineral,CaAl12O19,3.84,0.05,2025-01-31,USGS/LME/mineralogy reference,terrestrial market price,"A refractory CAI oxide in CV/CO chondrites.  Its aluminium is a light metal whose extraction is deferred, so it is priced as rock, as spinel is.",{},,,,0.05,reference,1000000000000000.0,2026-10-07,1.14.0,earth_surface
olivine,mineral,"(Mg,Fe)2SiO4",3.32,0.05,2026-05-29,USGS/LME/mineralogy reference,terrestrial market price,Mg-Fe silicate.  Fa10 mean; bulk industrial use only.,"{""iron"": 0.1}",,,,0.05,reference,1000000000000000.0,2026-10-07,1.14.0,earth_surface
pyroxene,mineral,"(Mg,Fe,Ca)Si2O6",3.4,0.05,2026-05-29,USGS/LME/mineralogy reference,terrestrial market price,Mg-Fe-Ca chain silicate.,"{""iron"": 0.07}",,,,0.05,reference,1000000000000000.0,2026-10-07,1.14.0,earth_surface
orthopyroxene,mineral,"(Mg,Fe)2Si2O6",3.3,0.05,2026-05-29,USGS/LME/mineralogy reference,terrestrial market price,Mg-Fe end of the pyroxene series.,"{""iron"": 0.07}",,,,0.05,reference,1000000000000000.0,2026-10-07,1.14.0,earth_surface
enstatite,mineral,MgSiO3,3.2,0.05,2026-05-29,USGS/LME/mineralogy reference,terrestrial market price,Mg-pyroxene end-member; E-chondrite analogue.,{},,,,0.05,reference,1000000000000000.0,2026-10-07,1.14.0,earth_surface
phyllosilicates,mineral,(varies),2.6,0.05,2026-05-29,USGS/LME/mineralogy reference,terrestrial market price,"Hydrated clays, priced as dehydrated rock: their bound water is the catalog's ice fraction.",{},,,,0.05,reference,1000000000000000.0,2026-10-07,1.14.0,earth_surface
silicates,mineral,(varies),2.8,0.05,2026-05-29,USGS/LME/mineralogy reference,terrestrial market price,Catch-all rock-forming silicate bulk.,{},,,,0.05,reference,1000000000000000.0,2026-10-07,1.14.0,earth_surface
carbonates,mineral,"(Ca,Mg,Fe)CO3",2.8,0.02,2025-01-31,USGS/LME/mineralogy reference,terrestrial market price,"Calcite, dolomite, breunnerite: 2-5 wt% of CI chondrites.  Calcining releases the CO2.","{""carbon dioxide"": 0.44}",,,,0.02,reference,1000000000000000.0,2026-10-07,1.14.0,earth_surface
nickel-iron,mineral,FeNi,7.9,,,USGS/LME/mineralogy reference,terrestrial market price,Iron-meteorite analogue (IIIAB octahedrite mean) — Fe + Ni + trace PGMs + Au.  Total PGM ≈ 37 ppm matches siderite literature.  Yields cover all 6 PGMs as of v1.1.2.,"{""iron"": 0.9, ""nickel"": 0.09, ""cobalt"": 0.005, ""platinum"": 1.5e-05, ""palladium"": 1e-05, ""ruthenium"": 3e-06, ""iridium"": 4e-06, ""osmium"": 2e-06, ""rhodium"": 1.5e-06, ""gold"": 1e-06, ""copper"": 0.00015, ""germanium"": 4e-05, ""gallium"": 2e-05, ""molybdenum"": 7e-06, ""tungsten"": 1e-06, ""rhenium"": 3e-07}",,,,,unpriced,1000000000000000.0,2026-10-07,1.14.0,earth_surface
magnetite,mineral,Fe3O4,5.17,,,USGS/LME/mineralogy reference,terrestrial market price,Iron-oxide ore; priced as Fe content.,"{""iron"": 0.724}",,,,,unpriced,1000000000000000.0,2026-10-07,1.14.0,earth_surface
troilite,mineral,FeS,4.61,,,USGS/LME/mineralogy reference,terrestrial market price,"Iron sulfide, standing for all Fe sulfides (troilite, pyrrhotite).  Yields Fe and S.","{""iron"": 0.635, ""sulfur"": 0.365}",,,,,unpriced,1000000000000000.0,2026-10-07,1.14.0,earth_surface
schreibersite,mineral,"(Fe,Ni)3P",7.4,,,USGS/LME/mineralogy reference,terrestrial market price,"Fe-Ni phosphide, 1.5-3% of iron-meteorite and enstatite-chondrite metal.  The phosphorus source in an asteroid.","{""iron"": 0.555, ""nickel"": 0.291, ""phosphorus"": 0.154}",,,,,unpriced,1000000000000000.0,2026-10-07,1.14.0,earth_surface
chromite,mineral,FeCr2O4,4.79,,,USGS/LME/mineralogy reference,terrestrial market price,"Cr-Fe spinel oxide; ~0.5 wt% of ordinary chondrites, ~1% of HEDs.","{""chromium"": 0.465, ""iron"": 0.25}",,,,,unpriced,1000000000000000.0,2026-10-07,1.14.0,earth_surface
ilmenite,mineral,FeTiO3,4.72,,,USGS/LME/mineralogy reference,terrestrial market price,Fe-Ti oxide; ~1 wt% of eucrites.  The same mineral lunar ISRU plans reduce for oxygen.,"{""titanium"": 0.316, ""iron"": 0.368}",,,,,unpriced,1000000000000000.0,2026-10-07,1.14.0,earth_surface
kamacite,mineral,"alpha-(Fe,Ni)",7.9,,,USGS/LME/mineralogy reference,terrestrial market price,"Low-Ni body-centred Fe-Ni (~6.5 wt% Ni): most of an iron meteorite's metal and an H chondrite's.  Derived from the IIIAB nickel-iron row; Co-richer, Pt/Pd/Au/Cu-poorer.","{""iron"": 0.924688854588394, ""nickel"": 0.065, ""cobalt"": 0.0053409090909090915, ""platinum"": 1.355769230769231e-05, ""palladium"": 8.245614035087721e-06, ""ruthenium"": 3e-06, ""iridium"": 4e-06, ""osmium"": 2e-06, ""rhodium"": 1.4242424242424244e-06, ""gold"": 8.24561403508772e-07, ""copper"": 0.0001236842105263158, ""germanium"": 4e-05, ""gallium"": 2e-05, ""molybdenum"": 7e-06, ""tungsten"": 1e-06, ""rhenium"": 3e-07}",,,,,unpriced,1000000000000000.0,2026-10-07,1.14.0,earth_surface
taenite,mineral,"gamma-(Fe,Ni)",8.0,,,USGS/LME/mineralogy reference,terrestrial market price,"High-Ni face-centred Fe-Ni (~30 wt% Ni, with plessite): most of an LL chondrite's metal.  Derived from the IIIAB row; carries the taenite-loving Pt, Pd, Au and Cu.","{""iron"": 0.69261362145749, ""nickel"": 0.3, ""cobalt"": 0.0021363636363636368, ""platinum"": 2.711538461538462e-05, ""palladium"": 2.473684210526316e-05, ""ruthenium"": 3e-06, ""iridium"": 4e-06, ""osmium"": 2e-06, ""rhodium"": 2.1363636363636365e-06, ""gold"": 2.473684210526316e-06, ""copper"": 0.0003710526315789474, ""germanium"": 4e-05, ""gallium"": 2e-05, ""molybdenum"": 7e-06, ""tungsten"": 1e-06, ""rhenium"": 3e-07}",,,,,unpriced,1000000000000000.0,2026-10-07,1.14.0,earth_surface
tetrataenite,mineral,FeNi (L1_0),8.25,,,USGS/LME/mineralogy reference,terrestrial market price,"Ordered FeNi (~50 wt% Ni) in slowly cooled chondrite metal. A rare-earth-free magnet candidate with no market to price, so priced by its yields at taenite's trace contents.","{""iron"": 0.4926136214574899, ""nickel"": 0.5, ""cobalt"": 0.0021363636363636368, ""platinum"": 2.711538461538462e-05, ""palladium"": 2.473684210526316e-05, ""ruthenium"": 3e-06, ""iridium"": 4e-06, ""osmium"": 2e-06, ""rhodium"": 2.1363636363636365e-06, ""gold"": 2.473684210526316e-06, ""copper"": 0.0003710526315789474, ""germanium"": 4e-05, ""gallium"": 2e-05, ""molybdenum"": 7e-06, ""tungsten"": 1e-06, ""rhenium"": 3e-07}",,,,,unpriced,1000000000000000.0,2026-10-07,1.14.0,earth_surface
cohenite,mineral,"(Fe,Ni)3C",7.4,,,USGS/LME/mineralogy reference,terrestrial market price,"Iron carbide with ~3 wt% Ni, in iron meteorites (IAB, IIAB) and some chondrite metal.  Steel-like; yields Fe and Ni.","{""iron"": 0.904, ""nickel"": 0.029}",,,,,unpriced,1000000000000000.0,2026-10-07,1.14.0,earth_surface
pyrrhotite,mineral,Fe7S8,4.61,,,USGS/LME/mineralogy reference,terrestrial market price,"The Fe(1-x)S sulfide of CI, CM and Tagish Lake, where troilite is the ordinary chondrites'.  Yields Fe and S.","{""iron"": 0.604, ""sulfur"": 0.396}",,,,,unpriced,1000000000000000.0,2026-10-07,1.14.0,earth_surface
pentlandite,mineral,"(Fe,Ni)9S8",4.8,,,USGS/LME/mineralogy reference,terrestrial market price,"The nickel sulfide: where a CI or CK chondrite's nickel is, rather than in metal.  The terrestrial Ni ore mineral.","{""iron"": 0.326, ""nickel"": 0.342, ""sulfur"": 0.332}",,,,,unpriced,1000000000000000.0,2026-10-07,1.14.0,earth_surface
niningerite,mineral,"(Mg,Fe,Mn)S",3.5,,,USGS/LME/mineralogy reference,terrestrial market price,"Mg-rich monosulfide of the EH enstatite chondrites, ~2 wt%. Its Mg and Mn are not priced.","{""iron"": 0.243, ""sulfur"": 0.465}",,,,,unpriced,1000000000000000.0,2026-10-07,1.14.0,earth_surface
oldhamite,mineral,CaS,2.58,,,USGS/LME/mineralogy reference,terrestrial market price,"Calcium sulfide of enstatite chondrites and aubrites, formed only in very reducing conditions.  Its Ca is not priced.","{""sulfur"": 0.444}",,,,,unpriced,1000000000000000.0,2026-10-07,1.14.0,earth_surface
daubreelite,mineral,FeCr2S4,3.81,,,USGS/LME/mineralogy reference,terrestrial market price,"Fe-Cr sulfide of enstatite chondrites and aubrites, and lamellae in iron-meteorite troilite: chromium as a sulfide.","{""chromium"": 0.361, ""iron"": 0.194, ""sulfur"": 0.445}",,,,,unpriced,1000000000000000.0,2026-10-07,1.14.0,earth_surface
perovskite,mineral,CaTiO3,4.0,,,USGS/LME/mineralogy reference,terrestrial market price,"A CAI oxide in CV/CO chondrites (K, L types).  Titanium as ilmenite gives it; its Ca is not priced.","{""titanium"": 0.352}",,,,,unpriced,1000000000000000.0,2026-10-07,1.14.0,earth_surface
sperrylite,mineral,PtAs2,10.6,,,USGS/LME/mineralogy reference,terrestrial market price,Pt arsenide (Pt 56.6 wt%) — dominant terrestrial Pt ore.  Documented in some iron meteorites and in Sudbury impact-melt-class material.  Arsenic is toxic but recoverable; ignored in valuation.,"{""platinum"": 0.566}",,,,,unpriced,1000000000000000.0,2026-10-07,1.14.0,earth_surface
laurite,mineral,RuS2,6.99,,,USGS/LME/mineralogy reference,terrestrial market price,Ru sulfide (Ru 61.2 wt%) with trace Ir / Os substitution.  Found in PGM-bearing chromites and rare iron-meteorite phases.,"{""ruthenium"": 0.612, ""iridium"": 0.001, ""osmium"": 0.001}",,,,,unpriced,1000000000000000.0,2026-10-07,1.14.0,earth_surface
awaruite,mineral,Ni3Fe,8.1,,,USGS/LME/mineralogy reference,terrestrial market price,"Ni-rich Fe-Ni alloy (Ni 75.9 wt%, Fe 24.1 wt%) with concentrated PGMs (5× nickel-iron baseline).  Terrestrial analog: Josephine / Mojave ophiolites.  Documented in some ureilites and rare meteoritic phases.  Use as a high-grade target where spectral data suggests PGM enrichment beyond bulk Fe-Ni.","{""nickel"": 0.759, ""iron"": 0.241, ""platinum"": 7.5e-05, ""palladium"": 5e-05, ""iridium"": 2e-05, ""ruthenium"": 1.5e-05, ""osmium"": 1e-05, ""rhodium"": 7.5e-06, ""gold"": 5e-06}",,,,,unpriced,1000000000000000.0,2026-10-07,1.14.0,earth_surface
native-pgm,mineral,"(Pt,Pd,Ir,Os,Ru,Rh)",18.0,,,USGS/LME/mineralogy reference,terrestrial market price,"Mixed native PGM alloy (Pt 70 wt%, Pd 15, Ir 8, Os 5, Ru 1, Rh 1).  Implied value ≈ $55k/kg — by far the richest mineral phase in the catalog.  Extremely rare; documented as nuggets in some ureilites, rare iron meteorites, and Os-Ir-Ru alloys.  Reserved for high-confidence per-asteroid override use cases.","{""platinum"": 0.7, ""palladium"": 0.15, ""iridium"": 0.08, ""osmium"": 0.05, ""ruthenium"": 0.01, ""rhodium"": 0.01}",,,,,unpriced,1000000000000000.0,2026-10-07,1.14.0,earth_surface
