name,kind,formula,density_gcm3,ref_price_usd_per_kg,ref_price_date,ref_price_source,value_basis,notes,yields_json,live_price_usd_per_kg,live_price_date,live_price_source,price_usd_per_kg,price_basis,terrestrial_price_usd_per_kg,in_space_utility,downleg_cost_usd_per_kg,in_space_processing_usd_per_kg,refining_kwh_per_kg,price_before_processing_usd_per_kg,value_route,annual_market_kg,catalog_date,pipeline_version,delivery_destination
rhodium,element,Rh,12.41,320000.0,2026-05-29,USGS/LME/mineralogy reference,terrestrial price less downleg,"OTC quote (Johnson Matthey / LBMA).  Reference $320k/kg = $9,950/oz (May 8 2026 spot).  Trace PGM in M-type / iron-meteorite analogues.",{},,,,294590.05212114856,derived-in-space,320000.0,0.0,25409.947878851424,0.0,0.0,294590.05212114856,shipped to Earth,23000.0,2026-10-01,1.12.0,leo
iridium,element,Ir,22.56,160000.0,2026-05-29,USGS/LME/mineralogy reference,terrestrial price less downleg,OTC quote.  Trace PGM in iron-meteorite analogues.,{},,,,134590.05212114856,derived-in-space,160000.0,0.0,25409.947878851424,0.0,0.0,134590.05212114856,shipped to Earth,7500.0,2026-10-01,1.12.0,leo
gold,element,Au,19.32,150000.0,2026-05-29,USGS/LME/mineralogy reference,terrestrial price less downleg,"COMEX gold front-month.  Reference $150k/kg = ~$4,700/oz; gold ran from $3,335 (May 2025) to $4,732 (May 2026) per Reuters analyst consensus.",{},134239.00586592773,2026-09-29,yfinance:GC=F,108829.0579870763,derived-in-space,134239.00586592773,0.0,25409.947878851424,0.0,0.0,108829.0579870763,shipped to Earth,3000000.0,2026-10-01,1.12.0,leo
platinum,element,Pt,21.45,45000.0,2026-05-29,USGS/LME/mineralogy reference,terrestrial price less downleg,"NYMEX platinum front-month.  Reference $45k/kg = $1,400/oz, mid of Heraeus 2026 forecast $1,300-$1,800/oz.",{},55087.08995454154,2026-09-29,yfinance:PL=F,29677.142075690113,derived-in-space,55087.08995454154,0.0,25409.947878851424,0.0,0.0,29677.142075690113,shipped to Earth,180000.0,2026-10-01,1.12.0,leo
palladium,element,Pd,12.02,48000.0,2026-05-29,USGS/LME/mineralogy reference,terrestrial price less downleg,"NYMEX palladium front-month.  Reference $48k/kg = $1,495/oz spot (May 2026, LBMA via lppm.com).",{},38982.7802137,2026-09-29,yfinance:PA=F,13572.83233484858,derived-in-space,38982.7802137,0.0,25409.947878851424,0.0,0.0,13572.83233484858,shipped to Earth,210000.0,2026-10-01,1.12.0,leo
water,element,H2O,1.0,0.001,2026-05-29,USGS/LME/mineralogy reference,terrestrial + 1.00 x launch cost avoided,"Price depends entirely on where the water is SOLD, not on the asteroid — see DELIVERY_DESTINATIONS. Set MINERAL_CONFIG.delivery_destination to 'leo' or 'cislunar' to price it as launch cost avoided; the default 'earth_surface' prices it as what it is once landed, which is bulk industrial water.",{},,,,2210.9589435698535,derived-in-space,0.001,1.0,25409.947878851424,203.04205643014677,0.5,2414.001,used in space,275000.0,2026-10-01,1.12.0,leo
cobalt,element,Co,8.86,33.0,2026-05-29,USGS/LME/mineralogy reference,terrestrial + 0.70 x launch cost avoided,LME cobalt cash; trace constituent of FeNi alloys.,{},,,,1492.3794356985322,derived-in-space,33.0,0.7,25409.947878851424,230.42056430146778,5.0,1722.8,used in space,125000.0,2026-10-01,1.12.0,leo
nickel,element,Ni,8.908,16.5,2026-05-29,USGS/LME/mineralogy reference,terrestrial + 0.70 x launch cost avoided,LME 3-month nickel.,{},,,,1475.8794356985322,derived-in-space,16.5,0.7,25409.947878851424,230.42056430146778,5.0,1706.3,used in space,125000.0,2026-10-01,1.12.0,leo
copper,element,Cu,8.96,8.8,2026-05-29,USGS/LME/mineralogy reference,terrestrial + 0.70 x launch cost avoided,COMEX copper front-month.,{},14.65633066298999,2026-09-29,yfinance:HG=F,1474.0357663615223,derived-in-space,14.65633066298999,0.7,25409.947878851424,230.42056430146778,5.0,1704.45633066299,used in space,125000.0,2026-10-01,1.12.0,leo
iron,element,Fe,7.874,0.5,2026-05-29,USGS/LME/mineralogy reference,terrestrial + 0.70 x launch cost avoided,"Priced as refined steel scrap (Q1 2026 mid-range $343/MT US, $400/MT global — $0.34-0.50/kg).  Asteroid mining produces refined iron from nickel-iron alloy, NOT iron ore — so the relevant sale price is steel scrap / refined metal, not the $0.10/kg iron-ore benchmark.",{},,,,1459.8794356985322,derived-in-space,0.5,0.7,25409.947878851424,230.42056430146778,5.0,1690.3,used in space,125000.0,2026-10-01,1.12.0,leo
chromium,element,Cr,7.19,11.0,2025-01-31,USGS/LME/mineralogy reference,terrestrial + 0.70 x launch cost avoided,"Aluminothermic chromium metal, ~$10-12/kg (USGS MCS 2025 carries ferrochrome and metal).  Stainless alloying.",{},,,,1439.9588713970643,derived-in-space,11.0,0.7,25409.947878851424,260.84112860293556,10.0,1700.7999999999997,used in space,125000.0,2026-10-01,1.12.0,leo
titanium,element,Ti,4.51,9.0,2025-01-31,USGS/LME/mineralogy reference,terrestrial + 0.70 x launch cost avoided,"Titanium sponge, ~$7-10/kg (USGS MCS 2025 import unit value).  Structural.",{},,,,1377.1177427941288,derived-in-space,9.0,0.7,25409.947878851424,321.68225720587117,20.0,1698.8,used in space,125000.0,2026-10-01,1.12.0,leo
ammonia,element,NH3,0.82,0.45,2025-01-31,USGS/LME/mineralogy reference,terrestrial + 0.60 x launch cost avoided,"Anhydrous ammonia, US Gulf ~$450/t in 2024 (USGS MCS 2025 nitrogen).  Solid density.  In space: nitrogen for atmospheres, fertiliser, and resistojet propellant.",{},,,,1245.8079435698533,derived-in-space,0.45,0.6,25409.947878851424,203.04205643014677,0.5,1448.85,used in space,275000.0,2026-10-01,1.12.0,leo
carbon dioxide,element,CO2,1.56,0.1,2025-01-31,USGS/LME/mineralogy reference,terrestrial + 0.30 x launch cost avoided,"Industrial liquid CO2, ~$50-150/t; not a USGS commodity.  Solid density.  In space: the carbon feed for Sabatier methane and a life-support buffer gas.",{},,,,521.2579435698532,derived-in-space,0.1,0.3,25409.947878851424,203.04205643014677,0.5,724.3,used in space,25000.0,2026-10-01,1.12.0,leo
sulfur,element,S,2.07,0.1,2025-01-31,USGS/LME/mineralogy reference,terrestrial + 0.10 x launch cost avoided,"USGS MCS 2025 elemental sulfur, ~$80-100/t in 2024.  In space: sulfur concrete binder and sulfuric-acid leachant.",{},,,,35.415887139706456,derived-in-space,0.1,0.1,25409.947878851424,206.08411286029354,1.0,241.5,used in space,25000.0,2026-10-01,1.12.0,leo
silver,element,Ag,10.49,950.0,2026-05-29,USGS/LME/mineralogy reference,terrestrial price less downleg,COMEX silver front-month.,{},1969.55468079172,2026-09-29,yfinance:SI=F,0.0,derived-in-space,1969.55468079172,0.0,25409.947878851424,0.0,0.0,0.0,shipped to Earth,26000000.0,2026-10-01,1.12.0,leo
ruthenium,element,Ru,12.45,16000.0,2026-05-29,USGS/LME/mineralogy reference,terrestrial price less downleg,OTC quote.  Trace PGM.,{},,,,0.0,derived-in-space,16000.0,0.0,25409.947878851424,0.0,0.0,0.0,shipped to Earth,30000.0,2026-10-01,1.12.0,leo
osmium,element,Os,22.59,13000.0,2026-05-29,USGS/LME/mineralogy reference,terrestrial price less downleg,Specialty quote; very illiquid.,{},,,,0.0,derived-in-space,13000.0,0.0,25409.947878851424,0.0,0.0,0.0,shipped to Earth,1000.0,2026-10-01,1.12.0,leo
phosphorus,element,P,1.82,3.0,2025-01-31,USGS/LME/mineralogy reference,terrestrial + 0.10 x launch cost avoided,"Elemental (P4) trade price, ~$3,000/t; USGS lists phosphate rock, not the element.  In space: fertiliser for agriculture.",{},,,,0.0,derived-in-space,3.0,0.1,25409.947878851424,248.67290288234847,8.0,248.67290288234847,used in space,25000.0,2026-10-01,1.12.0,leo
gallium,element,Ga,5.91,600.0,2025-01-31,USGS/LME/mineralogy reference,terrestrial price less downleg,"High-purity gallium, 2024 ~$500-700/kg after China's export controls (USGS MCS 2025).  Iron meteorites carry 2-100 ppm.",{},,,,0.0,derived-in-space,600.0,0.0,25409.947878851424,0.0,0.0,0.0,shipped to Earth,760000.0,2026-10-01,1.12.0,leo
germanium,element,Ge,5.32,2500.0,2025-01-31,USGS/LME/mineralogy reference,terrestrial price less downleg,"Zone-refined germanium, 2024 ~$2,000-3,000/kg (USGS MCS 2025).  Siderophile: iron meteorites carry 0.1-500 ppm.",{},,,,0.0,derived-in-space,2500.0,0.0,25409.947878851424,0.0,0.0,0.0,shipped to Earth,140000.0,2026-10-01,1.12.0,leo
rhenium,element,Re,21.02,1500.0,2025-01-31,USGS/LME/mineralogy reference,terrestrial price less downleg,"Rhenium metal pellets, 2024 ~$1,200-1,600/kg (USGS MCS 2025).  Highly siderophile, tracks osmium in meteoritic metal.",{},,,,0.0,derived-in-space,1500.0,0.0,25409.947878851424,0.0,0.0,0.0,shipped to Earth,62000.0,2026-10-01,1.12.0,leo
tungsten,element,W,19.25,45.0,2025-01-31,USGS/LME/mineralogy reference,terrestrial price less downleg,APT ~$340/mtu in 2024 (USGS MCS 2025) = ~$43/kg of contained W (1 mtu = 10 kg WO3 = 7.93 kg W).,{},,,,0.0,derived-in-space,45.0,0.0,25409.947878851424,0.0,0.0,0.0,shipped to Earth,81000000.0,2026-10-01,1.12.0,leo
molybdenum,element,Mo,10.28,44.0,2025-01-31,USGS/LME/mineralogy reference,terrestrial price less downleg,Molybdic oxide ~$20/lb of contained Mo in 2024 (USGS MCS 2025) = ~$44/kg.,{},,,,0.0,derived-in-space,44.0,0.0,25409.947878851424,0.0,0.0,0.0,shipped to Earth,260000000.0,2026-10-01,1.12.0,leo
nickel-iron,mineral,FeNi,7.9,,,USGS/LME/mineralogy reference,terrestrial + 0.70 x launch cost avoided,Iron-meteorite analogue (IIIAB octahedrite mean) — Fe + Ni + trace PGMs + Au.  Total PGM ≈ 37 ppm matches siderite literature.  Yields cover all 6 PGMs as of v1.1.2.,"{""iron"": 0.9, ""nickel"": 0.09, ""cobalt"": 0.005, ""platinum"": 1.5e-05, ""palladium"": 1e-05, ""ruthenium"": 3e-06, ""iridium"": 4e-06, ""osmium"": 2e-06, ""rhodium"": 1.5e-06, ""gold"": 1e-06, ""copper"": 0.00015, ""germanium"": 4e-05, ""gallium"": 2e-05, ""molybdenum"": 7e-06, ""tungsten"": 1e-06, ""rhenium"": 3e-07}",,,,1459.3794356985322,derived-in-space,,0.7,25409.947878851424,230.42056430146778,5.0,1689.8,used in space,125000.0,2026-10-01,1.12.0,leo
kamacite,mineral,"alpha-(Fe,Ni)",7.9,,,USGS/LME/mineralogy reference,terrestrial + 0.70 x launch cost avoided,"Low-Ni body-centred Fe-Ni (~6.5 wt% Ni): most of an iron meteorite's metal and an H chondrite's.  Derived from the IIIAB nickel-iron row; Co-richer, Pt/Pd/Au/Cu-poorer.","{""iron"": 0.924688854588394, ""nickel"": 0.065, ""cobalt"": 0.0053409090909090915, ""platinum"": 1.355769230769231e-05, ""palladium"": 8.245614035087721e-06, ""ruthenium"": 3e-06, ""iridium"": 4e-06, ""osmium"": 2e-06, ""rhodium"": 1.4242424242424244e-06, ""gold"": 8.24561403508772e-07, ""copper"": 0.0001236842105263158, ""germanium"": 4e-05, ""gallium"": 2e-05, ""molybdenum"": 7e-06, ""tungsten"": 1e-06, ""rhenium"": 3e-07}",,,,1459.3794356985322,derived-in-space,,0.7,25409.947878851424,230.42056430146778,5.0,1689.8,used in space,125000.0,2026-10-01,1.12.0,leo
taenite,mineral,"gamma-(Fe,Ni)",8.0,,,USGS/LME/mineralogy reference,terrestrial + 0.70 x launch cost avoided,"High-Ni face-centred Fe-Ni (~30 wt% Ni, with plessite): most of an LL chondrite's metal.  Derived from the IIIAB row; carries the taenite-loving Pt, Pd, Au and Cu.","{""iron"": 0.69261362145749, ""nickel"": 0.3, ""cobalt"": 0.0021363636363636368, ""platinum"": 2.711538461538462e-05, ""palladium"": 2.473684210526316e-05, ""ruthenium"": 3e-06, ""iridium"": 4e-06, ""osmium"": 2e-06, ""rhodium"": 2.1363636363636365e-06, ""gold"": 2.473684210526316e-06, ""copper"": 0.0003710526315789474, ""germanium"": 4e-05, ""gallium"": 2e-05, ""molybdenum"": 7e-06, ""tungsten"": 1e-06, ""rhenium"": 3e-07}",,,,1459.3794356985322,derived-in-space,,0.7,25409.947878851424,230.42056430146778,5.0,1689.8,used in space,125000.0,2026-10-01,1.12.0,leo
tetrataenite,mineral,FeNi (L1_0),8.25,,,USGS/LME/mineralogy reference,terrestrial + 0.70 x launch cost avoided,"Ordered FeNi (~50 wt% Ni) in slowly cooled chondrite metal. A rare-earth-free magnet candidate with no market to price, so priced by its yields at taenite's trace contents.","{""iron"": 0.4926136214574899, ""nickel"": 0.5, ""cobalt"": 0.0021363636363636368, ""platinum"": 2.711538461538462e-05, ""palladium"": 2.473684210526316e-05, ""ruthenium"": 3e-06, ""iridium"": 4e-06, ""osmium"": 2e-06, ""rhodium"": 2.1363636363636365e-06, ""gold"": 2.473684210526316e-06, ""copper"": 0.0003710526315789474, ""germanium"": 4e-05, ""gallium"": 2e-05, ""molybdenum"": 7e-06, ""tungsten"": 1e-06, ""rhenium"": 3e-07}",,,,1459.3794356985322,derived-in-space,,0.7,25409.947878851424,230.42056430146778,5.0,1689.8,used in space,125000.0,2026-10-01,1.12.0,leo
cohenite,mineral,"(Fe,Ni)3C",7.4,,,USGS/LME/mineralogy reference,terrestrial + 0.70 x launch cost avoided,"Iron carbide with ~3 wt% Ni, in iron meteorites (IAB, IIAB) and some chondrite metal.  Steel-like; yields Fe and Ni.","{""iron"": 0.904, ""nickel"": 0.029}",,,,1459.3794356985322,derived-in-space,,0.7,25409.947878851424,230.42056430146778,5.0,1689.8,used in space,125000.0,2026-10-01,1.12.0,leo
awaruite,mineral,Ni3Fe,8.1,,,USGS/LME/mineralogy reference,terrestrial + 0.70 x launch cost avoided,"Ni-rich Fe-Ni alloy (Ni 75.9 wt%, Fe 24.1 wt%) with concentrated PGMs (5× nickel-iron baseline).  Terrestrial analog: Josephine / Mojave ophiolites.  Documented in some ureilites and rare meteoritic phases.  Use as a high-grade target where spectral data suggests PGM enrichment beyond bulk Fe-Ni.","{""nickel"": 0.759, ""iron"": 0.241, ""platinum"": 7.5e-05, ""palladium"": 5e-05, ""iridium"": 2e-05, ""ruthenium"": 1.5e-05, ""osmium"": 1e-05, ""rhodium"": 7.5e-06, ""gold"": 5e-06}",,,,1459.3794356985322,derived-in-space,,0.7,25409.947878851424,230.42056430146778,5.0,1689.8,used in space,125000.0,2026-10-01,1.12.0,leo
schreibersite,mineral,"(Fe,Ni)3P",7.4,,,USGS/LME/mineralogy reference,terrestrial + 0.70 x launch cost avoided,"Fe-Ni phosphide, 1.5-3% of iron-meteorite and enstatite-chondrite metal.  The phosphorus source in an asteroid.","{""iron"": 0.555, ""nickel"": 0.291, ""phosphorus"": 0.154}",,,,1453.2953228382387,derived-in-space,,0.7,25409.947878851424,236.50467716176135,6.0,1689.8,used in space,125000.0,2026-10-01,1.12.0,leo
carbon,mineral,C,2.1,0.2,2026-05-29,USGS/LME/mineralogy reference,terrestrial + 0.40 x launch cost avoided,Amorphous / graphitic carbon (not gem diamond).,{},,,,753.631774279413,derived-in-space,0.2,0.4,25409.947878851424,212.16822572058712,2.0,965.8000000000001,used in space,25000.0,2026-10-01,1.12.0,leo
magnetite,mineral,Fe3O4,5.17,,,USGS/LME/mineralogy reference,terrestrial + 0.40 x launch cost avoided,Iron-oxide ore; priced as Fe content.,"{""iron"": 0.724}",,,,723.0112099779451,derived-in-space,,0.4,25409.947878851424,242.58879002205492,7.0,965.6,used in space,125000.0,2026-10-01,1.12.0,leo
chromite,mineral,FeCr2O4,4.79,,,USGS/LME/mineralogy reference,terrestrial + 0.40 x launch cost avoided,"Cr-Fe spinel oxide; ~0.5 wt% of ordinary chondrites, ~1% of HEDs.","{""chromium"": 0.465, ""iron"": 0.25}",,,,723.0112099779451,derived-in-space,,0.4,25409.947878851424,242.58879002205492,7.0,965.6,used in space,125000.0,2026-10-01,1.12.0,leo
ilmenite,mineral,FeTiO3,4.72,,,USGS/LME/mineralogy reference,terrestrial + 0.40 x launch cost avoided,Fe-Ti oxide; ~1 wt% of eucrites.  The same mineral lunar ISRU plans reduce for oxygen.,"{""titanium"": 0.316, ""iron"": 0.368}",,,,723.0112099779451,derived-in-space,,0.4,25409.947878851424,242.58879002205492,7.0,965.6,used in space,125000.0,2026-10-01,1.12.0,leo
perovskite,mineral,CaTiO3,4.0,,,USGS/LME/mineralogy reference,terrestrial + 0.40 x launch cost avoided,"A CAI oxide in CV/CO chondrites (K, L types).  Titanium as ilmenite gives it; its Ca is not priced.","{""titanium"": 0.352}",,,,723.0112099779451,derived-in-space,,0.4,25409.947878851424,242.58879002205492,7.0,965.6,used in space,125000.0,2026-10-01,1.12.0,leo
troilite,mineral,FeS,4.61,,,USGS/LME/mineralogy reference,terrestrial + 0.30 x launch cost avoided,"Iron sulfide, standing for all Fe sulfides (troilite, pyrrhotite).  Yields Fe and S.","{""iron"": 0.635, ""sulfur"": 0.365}",,,,499.8635485588257,derived-in-space,,0.3,25409.947878851424,224.33645144117423,4.0,724.1999999999999,used in space,125000.0,2026-10-01,1.12.0,leo
pyrrhotite,mineral,Fe7S8,4.61,,,USGS/LME/mineralogy reference,terrestrial + 0.30 x launch cost avoided,"The Fe(1-x)S sulfide of CI, CM and Tagish Lake, where troilite is the ordinary chondrites'.  Yields Fe and S.","{""iron"": 0.604, ""sulfur"": 0.396}",,,,499.8635485588257,derived-in-space,,0.3,25409.947878851424,224.33645144117423,4.0,724.1999999999999,used in space,125000.0,2026-10-01,1.12.0,leo
pentlandite,mineral,"(Fe,Ni)9S8",4.8,,,USGS/LME/mineralogy reference,terrestrial + 0.30 x launch cost avoided,"The nickel sulfide: where a CI or CK chondrite's nickel is, rather than in metal.  The terrestrial Ni ore mineral.","{""iron"": 0.326, ""nickel"": 0.342, ""sulfur"": 0.332}",,,,499.8635485588257,derived-in-space,,0.3,25409.947878851424,224.33645144117423,4.0,724.1999999999999,used in space,125000.0,2026-10-01,1.12.0,leo
niningerite,mineral,"(Mg,Fe,Mn)S",3.5,,,USGS/LME/mineralogy reference,terrestrial + 0.30 x launch cost avoided,"Mg-rich monosulfide of the EH enstatite chondrites, ~2 wt%. Its Mg and Mn are not priced.","{""iron"": 0.243, ""sulfur"": 0.465}",,,,499.8635485588257,derived-in-space,,0.3,25409.947878851424,224.33645144117423,4.0,724.1999999999999,used in space,125000.0,2026-10-01,1.12.0,leo
daubreelite,mineral,FeCr2S4,3.81,,,USGS/LME/mineralogy reference,terrestrial + 0.30 x launch cost avoided,"Fe-Cr sulfide of enstatite chondrites and aubrites, and lamellae in iron-meteorite troilite: chromium as a sulfide.","{""chromium"": 0.361, ""iron"": 0.194, ""sulfur"": 0.445}",,,,499.8635485588257,derived-in-space,,0.3,25409.947878851424,224.33645144117423,4.0,724.1999999999999,used in space,125000.0,2026-10-01,1.12.0,leo
spinel,mineral,MgAl2O4,3.64,0.5,2026-05-29,USGS/LME/mineralogy reference,terrestrial + 0.25 x launch cost avoided,Mg-Al oxide; high-T refractory.,{},,,,397.91588713970646,derived-in-space,0.5,0.25,25409.947878851424,206.08411286029354,1.0,604.0,used in space,75000.0,2026-10-01,1.12.0,leo
merrillite,mineral,Ca9NaMg(PO4)7,3.1,0.1,2025-01-31,USGS/LME/mineralogy reference,terrestrial + 0.25 x launch cost avoided,"The anhydrous Ca phosphate of ordinary chondrites, ~0.4 wt%.  Priced as it is as phosphate rock (USGS MCS 2025, ~$100/t in 2024) and taken apart for its P.","{""phosphorus"": 0.202}",,,,397.5158871397065,derived-in-space,0.1,0.25,25409.947878851424,206.08411286029354,1.0,603.6,used in space,25000.0,2026-10-01,1.12.0,leo
chlorapatite,mineral,Ca5(PO4)3Cl,3.17,0.1,2025-01-31,USGS/LME/mineralogy reference,terrestrial + 0.25 x launch cost avoided,"The Cl-apatite of ordinary chondrites, ~0.2 wt%.  Priced as phosphate rock, as merrillite is.","{""phosphorus"": 0.178}",,,,397.5158871397065,derived-in-space,0.1,0.25,25409.947878851424,206.08411286029354,1.0,603.6,used in space,25000.0,2026-10-01,1.12.0,leo
plagioclase,mineral,"(Na,Ca)(Al,Si)4O8",2.69,0.1,2026-05-29,USGS/LME/mineralogy reference,terrestrial + 0.25 x launch cost avoided,Feldspar group; basaltic-crust marker.,{},,,,397.5158871397065,derived-in-space,0.1,0.25,25409.947878851424,206.08411286029354,1.0,603.6,used in space,75000.0,2026-10-01,1.12.0,leo
oxides,mineral,(varies),4.0,0.1,2026-05-29,USGS/LME/mineralogy reference,terrestrial + 0.25 x launch cost avoided,Generic metal-oxide bulk.,"{""iron"": 0.5}",,,,397.5158871397065,derived-in-space,0.1,0.25,25409.947878851424,206.08411286029354,1.0,603.6,used in space,75000.0,2026-10-01,1.12.0,leo
hibonite,mineral,CaAl12O19,3.84,0.05,2025-01-31,USGS/LME/mineralogy reference,terrestrial + 0.25 x launch cost avoided,"A refractory CAI oxide in CV/CO chondrites.  Its aluminium is a light metal whose extraction is deferred, so it is priced as rock, as spinel is.",{},,,,397.4658871397064,derived-in-space,0.05,0.25,25409.947878851424,206.08411286029354,1.0,603.55,used in space,75000.0,2026-10-01,1.12.0,leo
olivine,mineral,"(Mg,Fe)2SiO4",3.32,0.05,2026-05-29,USGS/LME/mineralogy reference,terrestrial + 0.25 x launch cost avoided,Mg-Fe silicate.  Fa10 mean; bulk industrial use only.,"{""iron"": 0.1}",,,,397.4658871397064,derived-in-space,0.05,0.25,25409.947878851424,206.08411286029354,1.0,603.55,used in space,75000.0,2026-10-01,1.12.0,leo
pyroxene,mineral,"(Mg,Fe,Ca)Si2O6",3.4,0.05,2026-05-29,USGS/LME/mineralogy reference,terrestrial + 0.25 x launch cost avoided,Mg-Fe-Ca chain silicate.,"{""iron"": 0.07}",,,,397.4658871397064,derived-in-space,0.05,0.25,25409.947878851424,206.08411286029354,1.0,603.55,used in space,75000.0,2026-10-01,1.12.0,leo
orthopyroxene,mineral,"(Mg,Fe)2Si2O6",3.3,0.05,2026-05-29,USGS/LME/mineralogy reference,terrestrial + 0.25 x launch cost avoided,Mg-Fe end of the pyroxene series.,"{""iron"": 0.07}",,,,397.4658871397064,derived-in-space,0.05,0.25,25409.947878851424,206.08411286029354,1.0,603.55,used in space,75000.0,2026-10-01,1.12.0,leo
enstatite,mineral,MgSiO3,3.2,0.05,2026-05-29,USGS/LME/mineralogy reference,terrestrial + 0.25 x launch cost avoided,Mg-pyroxene end-member; E-chondrite analogue.,{},,,,397.4658871397064,derived-in-space,0.05,0.25,25409.947878851424,206.08411286029354,1.0,603.55,used in space,75000.0,2026-10-01,1.12.0,leo
phyllosilicates,mineral,(varies),2.6,0.05,2026-05-29,USGS/LME/mineralogy reference,terrestrial + 0.25 x launch cost avoided,"Hydrated clays, priced as dehydrated rock: their bound water is the catalog's ice fraction.",{},,,,397.4658871397064,derived-in-space,0.05,0.25,25409.947878851424,206.08411286029354,1.0,603.55,used in space,75000.0,2026-10-01,1.12.0,leo
silicates,mineral,(varies),2.8,0.05,2026-05-29,USGS/LME/mineralogy reference,terrestrial + 0.25 x launch cost avoided,Catch-all rock-forming silicate bulk.,{},,,,397.4658871397064,derived-in-space,0.05,0.25,25409.947878851424,206.08411286029354,1.0,603.55,used in space,75000.0,2026-10-01,1.12.0,leo
carbonates,mineral,"(Ca,Mg,Fe)CO3",2.8,0.02,2025-01-31,USGS/LME/mineralogy reference,terrestrial + 0.25 x launch cost avoided,"Calcite, dolomite, breunnerite: 2-5 wt% of CI chondrites.  Calcining releases the CO2.","{""carbon dioxide"": 0.44}",,,,397.43588713970644,derived-in-space,0.02,0.25,25409.947878851424,206.08411286029354,1.0,603.52,used in space,25000.0,2026-10-01,1.12.0,leo
oldhamite,mineral,CaS,2.58,,,USGS/LME/mineralogy reference,terrestrial + 0.25 x launch cost avoided,"Calcium sulfide of enstatite chondrites and aubrites, formed only in very reducing conditions.  Its Ca is not priced.","{""sulfur"": 0.444}",,,,379.16354855882577,derived-in-space,,0.25,25409.947878851424,224.33645144117423,4.0,603.5,used in space,25000.0,2026-10-01,1.12.0,leo
organics,mineral,(varies),1.2,0.5,2026-05-29,USGS/LME/mineralogy reference,terrestrial + 0.20 x launch cost avoided,Complex organic macromolecules (kerogen-like).,{},,,,271.13177427941287,derived-in-space,0.5,0.2,25409.947878851424,212.16822572058712,2.0,483.29999999999995,used in space,25000.0,2026-10-01,1.12.0,leo
sperrylite,mineral,PtAs2,10.6,,,USGS/LME/mineralogy reference,terrestrial price less downleg,Pt arsenide (Pt 56.6 wt%) — dominant terrestrial Pt ore.  Documented in some iron meteorites and in Sudbury impact-melt-class material.  Arsenic is toxic but recoverable; ignored in valuation.,"{""platinum"": 0.566}",,,,0.0,derived-in-space,,0.0,25409.947878851424,0.0,0.0,0.0,shipped to Earth,1000000000000000.0,2026-10-01,1.12.0,leo
laurite,mineral,RuS2,6.99,,,USGS/LME/mineralogy reference,terrestrial price less downleg,Ru sulfide (Ru 61.2 wt%) with trace Ir / Os substitution.  Found in PGM-bearing chromites and rare iron-meteorite phases.,"{""ruthenium"": 0.612, ""iridium"": 0.001, ""osmium"": 0.001}",,,,0.0,derived-in-space,,0.0,25409.947878851424,0.0,0.0,0.0,shipped to Earth,1000000000000000.0,2026-10-01,1.12.0,leo
native-pgm,mineral,"(Pt,Pd,Ir,Os,Ru,Rh)",18.0,,,USGS/LME/mineralogy reference,terrestrial price less downleg,"Mixed native PGM alloy (Pt 70 wt%, Pd 15, Ir 8, Os 5, Ru 1, Rh 1).  Implied value ≈ $55k/kg — by far the richest mineral phase in the catalog.  Extremely rare; documented as nuggets in some ureilites, rare iron meteorites, and Os-Ir-Ru alloys.  Reserved for high-confidence per-asteroid override use cases.","{""platinum"": 0.7, ""palladium"": 0.15, ""iridium"": 0.08, ""osmium"": 0.05, ""ruthenium"": 0.01, ""rhodium"": 0.01}",,,,0.0,derived-in-space,,0.0,25409.947878851424,0.0,0.0,0.0,shipped to Earth,1000000000000000.0,2026-10-01,1.12.0,leo
